{
  "planner": "Offline A* (26 neighbors)",
  "success": true,
  "failure_reason": null,
  "planning_time_s": 0.010711411014199257,
  "path_length_m": 5.548005919123904
}