{
  "planner": "Offline A* (26 neighbors)",
  "success": true,
  "failure_reason": null,
  "planning_time_s": 0.003923037031199783,
  "path_length_m": 14.328730353439923
}